Workbook

Sheet MTO_RAW
A1: Profile | B1: Member Name | C1: Qty | D1: Length(mm) | E1: Weight / Pc(kg)
A2: ISA65X65X6 | B2: V_BRACE | C2: 2 | D2: 760 | E2: 4.4
A3: ISA75X75X8 | B3: AUXILIARY GIRDERS | C3: 4 | D3: 514 | E3: 4.6
A4: ISA75X75X8 | B4: AUXILIARY GIRDERS | C4: 8 | D4: 526 | E4: 4.7
A5: ISA75X75X8 | B5: AUXILIARY GIRDERS | C5: 12 | D5: 555 | E5: 5
A6: ISA75X75X8 | B6: AUXILIARY GIRDERS | C6: 4 | D6: 558 | E6: 5
A7: ISA75X75X8 | B7: AUXILIARY GIRDERS | C7: 8 | D7: 660 | E7: 5.9
A8: ISA75X75X8 | B8: AUXILIARY GIRDERS | C8: 24 | D8: 684 | E8: 6.1
A9: ISA90X90X8 | B9: H_BRACE | C9: 4 | D9: 1020 | E9: 11
A10: ISA90X90X8 | B10: H_BRACE | C10: 6 | D10: 1030 | E10: 11.2
A11: ISA90X90X8 | B11: H_BRACE | C11: 2 | D11: 1035 | E11: 11.2
A12: ISA90X90X8 | B12: H_BRACE | C12: 6 | D12: 1046 | E12: 11.3
A13: ISA90X90X8 | B13: H_BRACE | C13: 32 | D13: 1100 | E13: 11.9
... A275: UB457*191*74 | B275: BEAM | C275: 1 | D275: 8000 | E275: 594.3

Sheet PG_CALC
A1: Profile | B1: Qty | C1: Length (mm) | D1: B1 | E1: tf1 | F1: Web Depth | G1: tw | H1: B2 | I1: tf2 | J1: 16mm | K1: 20mm | L1: 32mm | M1: 40mm
A2: =MTO_RAW!A2 -> ISA65X65X6 | B2: =MTO_RAW!C2 -> 2 | C2: =MTO_RAW!D2 -> 760 | D2: =IFERROR(VALUE(LEFT(A2,FIND("*",A2)-1)),0) -> 0 | E2: =IFERROR(VALUE(MID(A2,FIND("*",A2)+1,FIND("-",A2)-FIND("*",A2)-1)),0) -> 0 | F2: =IFERROR(VALUE(MID(A2,FIND("-",A2)+1,FIND("*",A2,FIND("-",A2))-FIND("-",A2)-1)),0) -> 0 | G2: =IFERROR(VALUE(MID(A2,FIND("*",A2,FIND("-",A2))+1,10)),0) -> 0 | H2: =IFERROR(VALUE(MID(A2,FIND("-",A2,FIND("-",A2)+1)+1,5)),D2) -> 0 | I2: =IFERROR(VALUE(RIGHT(A2,2)),E2) -> 0 | J2: =IF(E2=16,(D2/1000)*(C2/1000)*(16/1000)*7850*B2,0)+IF(I2=16,(H2/1000)*(C2/1000)*(16/1000)*7850*B2,0)+IF(G2=16,(F2/1000)*(C2/1000)*(16/1000)*7850*B2,0) -> 0 | K2: =IF(E2=20,(D2/1000)*(C2/1000)*(20/1000)*7850*B2,0)+IF(I2=20,(H2/1000)*(C2/1000)*(20/1000)*7850*B2,0)+IF(G2=20,(F2/1000)*(C2/1000)*(20/1000)*7850*B2,0) -> 0 | L2: =IF(E2=32,(D2/1000)*(C2/1000)*(32/1000)*7850*B2,0)+IF(I2=32,(H2/1000)*(C2/1000)*(32/1000)*7850*B2,0)+IF(G2=32,(F2/1000)*(C2/1000)*(32/1000)*7850*B2,0) -> 0 | M2: =IF(E2=40,(D2/1000)*(C2/1000)*(40/1000)*7850*B2,0)+IF(I2=40,(H2/1000)*(C2/1000)*(40/1000)*7850*B2,0)+IF(G2=40,(F2/1000)*(C2/1000)*(40/1000)*7850*B2,0) -> 0
A3: =MTO_RAW!A3 -> ISA75X75X8 | B3: =MTO_RAW!C3 -> 4 | C3: =MTO_RAW!D3 -> 514 | D3: =IFERROR(VALUE(LEFT(A3,FIND("*",A3)-1)),0) -> 0 | E3: =IFERROR(VALUE(MID(A3,FIND("*",A3)+1,FIND("-",A3)-FIND("*",A3)-1)),0) -> 0 | F3: =IFERROR(VALUE(MID(A3,FIND("-",A3)+1,FIND("*",A3,FIND("-",A3))-FIND("-",A3)-1)),0) -> 0 | G3: =IFERROR(VALUE(MID(A3,FIND("*",A3,FIND("-",A3))+1,10)),0) -> 0 | H3: =IFERROR(VALUE(MID(A3,FIND("-",A3,FIND("-",A3)+1)+1,5)),D3) -> 0 | I3: =IFERROR(VALUE(RIGHT(A3,2)),E3) -> 0 | J3: =IF(E3=16,(D3/1000)*(C3/1000)*(16/1000)*7850*B3,0)+IF(I3=16,(H3/1000)*(C3/1000)*(16/1000)*7850*B3,0)+IF(G3=16,(F3/1000)*(C3/1000)*(16/1000)*7850*B3,0) -> 0 | K3: =IF(E3=20,(D3/1000)*(C3/1000)*(20/1000)*7850*B3,0)+IF(I3=20,(H3/1000)*(C3/1000)*(20/1000)*7850*B3,0)+IF(G3=20,(F3/1000)*(C3/1000)*(20/1000)*7850*B3,0) -> 0 | L3: =IF(E3=32,(D3/1000)*(C3/1000)*(32/1000)*7850*B3,0)+IF(I3=32,(H3/1000)*(C3/1000)*(32/1000)*7850*B3,0)+IF(G3=32,(F3/1000)*(C3/1000)*(32/1000)*7850*B3,0) -> 0 | M3: =IF(E3=40,(D3/1000)*(C3/1000)*(40/1000)*7850*B3,0)+IF(I3=40,(H3/1000)*(C3/1000)*(40/1000)*7850*B3,0)+IF(G3=40,(F3/1000)*(C3/1000)*(40/1000)*7850*B3,0) -> 0
A4: =MTO_RAW!A4 -> ISA75X75X8 | B4: =MTO_RAW!C4 -> 8 | C4: =MTO_RAW!D4 -> 526 | D4: =IFERROR(VALUE(LEFT(A4,FIND("*",A4)-1)),0) -> 0 | E4: =IFERROR(VALUE(MID(A4,FIND("*",A4)+1,FIND("-",A4)-FIND("*",A4)-1)),0) -> 0 | F4: =IFERROR(VALUE(MID(A4,FIND("-",A4)+1,FIND("*",A4,FIND("-",A4))-FIND("-",A4)-1)),0) -> 0 | G4: =IFERROR(VALUE(MID(A4,FIND("*",A4,FIND("-",A4))+1,10)),0) -> 0 | H4: =IFERROR(VALUE(MID(A4,FIND("-",A4,FIND("-",A4)+1)+1,5)),D4) -> 0 | I4: =IFERROR(VALUE(RIGHT(A4,2)),E4) -> 0 | J4: =IF(E4=16,(D4/1000)*(C4/1000)*(16/1000)*7850*B4,0)+IF(I4=16,(H4/1000)*(C4/1000)*(16/1000)*7850*B4,0)+IF(G4=16,(F4/1000)*(C4/1000)*(16/1000)*7850*B4,0) -> 0 | K4: =IF(E4=20,(D4/1000)*(C4/1000)*(20/1000)*7850*B4,0)+IF(I4=20,(H4/1000)*(C4/1000)*(20/1000)*7850*B4,0)+IF(G4=20,(F4/1000)*(C4/1000)*(20/1000)*7850*B4,0) -> 0 | L4: =IF(E4=32,(D4/1000)*(C4/1000)*(32/1000)*7850*B4,0)+IF(I4=32,(H4/1000)*(C4/1000)*(32/1000)*7850*B4,0)+IF(G4=32,(F4/1000)*(C4/1000)*(32/1000)*7850*B4,0) -> 0 | M4: =IF(E4=40,(D4/1000)*(C4/1000)*(40/1000)*7850*B4,0)+IF(I4=40,(H4/1000)*(C4/1000)*(40/1000)*7850*B4,0)+IF(G4=40,(F4/1000)*(C4/1000)*(40/1000)*7850*B4,0) -> 0
A5: =MTO_RAW!A5 -> ISA75X75X8 | B5: =MTO_RAW!C5 -> 12 | C5: =MTO_RAW!D5 -> 555 | D5: =IFERROR(VALUE(LEFT(A5,FIND("*",A5)-1)),0) -> 0 | E5: =IFERROR(VALUE(MID(A5,FIND("*",A5)+1,FIND("-",A5)-FIND("*",A5)-1)),0) -> 0 | F5: =IFERROR(VALUE(MID(A5,FIND("-",A5)+1,FIND("*",A5,FIND("-",A5))-FIND("-",A5)-1)),0) -> 0 | G5: =IFERROR(VALUE(MID(A5,FIND("*",A5,FIND("-",A5))+1,10)),0) -> 0 | H5: =IFERROR(VALUE(MID(A5,FIND("-",A5,FIND("-",A5)+1)+1,5)),D5) -> 0 | I5: =IFERROR(VALUE(RIGHT(A5,2)),E5) -> 0 | J5: =IF(E5=16,(D5/1000)*(C5/1000)*(16/1000)*7850*B5,0)+IF(I5=16,(H5/1000)*(C5/1000)*(16/1000)*7850*B5,0)+IF(G5=16,(F5/1000)*(C5/1000)*(16/1000)*7850*B5,0) -> 0 | K5: =IF(E5=20,(D5/1000)*(C5/1000)*(20/1000)*7850*B5,0)+IF(I5=20,(H5/1000)*(C5/1000)*(20/1000)*7850*B5,0)+IF(G5=20,(F5/1000)*(C5/1000)*(20/1000)*7850*B5,0) -> 0 | L5: =IF(E5=32,(D5/1000)*(C5/1000)*(32/1000)*7850*B5,0)+IF(I5=32,(H5/1000)*(C5/1000)*(32/1000)*7850*B5,0)+IF(G5=32,(F5/1000)*(C5/1000)*(32/1000)*7850*B5,0) -> 0 | M5: =IF(E5=40,(D5/1000)*(C5/1000)*(40/1000)*7850*B5,0)+IF(I5=40,(H5/1000)*(C5/1000)*(40/1000)*7850*B5,0)+IF(G5=40,(F5/1000)*(C5/1000)*(40/1000)*7850*B5,0) -> 0
A6: =MTO_RAW!A6 -> ISA75X75X8 | B6: =MTO_RAW!C6 -> 4 | C6: =MTO_RAW!D6 -> 558 | D6: =IFERROR(VALUE(LEFT(A6,FIND("*",A6)-1)),0) -> 0 | E6: =IFERROR(VALUE(MID(A6,FIND("*",A6)+1,FIND("-",A6)-FIND("*",A6)-1)),0) -> 0 | F6: =IFERROR(VALUE(MID(A6,FIND("-",A6)+1,FIND("*",A6,FIND("-",A6))-FIND("-",A6)-1)),0) -> 0 | G6: =IFERROR(VALUE(MID(A6,FIND("*",A6,FIND("-",A6))+1,10)),0) -> 0 | H6: =IFERROR(VALUE(MID(A6,FIND("-",A6,FIND("-",A6)+1)+1,5)),D6) -> 0 | I6: =IFERROR(VALUE(RIGHT(A6,2)),E6) -> 0 | J6: =IF(E6=16,(D6/1000)*(C6/1000)*(16/1000)*7850*B6,0)+IF(I6=16,(H6/1000)*(C6/1000)*(16/1000)*7850*B6,0)+IF(G6=16,(F6/1000)*(C6/1000)*(16/1000)*7850*B6,0) -> 0 | K6: =IF(E6=20,(D6/1000)*(C6/1000)*(20/1000)*7850*B6,0)+IF(I6=20,(H6/1000)*(C6/1000)*(20/1000)*7850*B6,0)+IF(G6=20,(F6/1000)*(C6/1000)*(20/1000)*7850*B6,0) -> 0 | L6: =IF(E6=32,(D6/1000)*(C6/1000)*(32/1000)*7850*B6,0)+IF(I6=32,(H6/1000)*(C6/1000)*(32/1000)*7850*B6,0)+IF(G6=32,(F6/1000)*(C6/1000)*(32/1000)*7850*B6,0) -> 0 | M6: =IF(E6=40,(D6/1000)*(C6/1000)*(40/1000)*7850*B6,0)+IF(I6=40,(H6/1000)*(C6/1000)*(40/1000)*7850*B6,0)+IF(G6=40,(F6/1000)*(C6/1000)*(40/1000)*7850*B6,0) -> 0
A7: =MTO_RAW!A7 -> ISA75X75X8 | B7: =MTO_RAW!C7 -> 8 | C7: =MTO_RAW!D7 -> 660 | D7: =IFERROR(VALUE(LEFT(A7,FIND("*",A7)-1)),0) -> 0 | E7: =IFERROR(VALUE(MID(A7,FIND("*",A7)+1,FIND("-",A7)-FIND("*",A7)-1)),0) -> 0 | F7: =IFERROR(VALUE(MID(A7,FIND("-",A7)+1,FIND("*",A7,FIND("-",A7))-FIND("-",A7)-1)),0) -> 0 | G7: =IFERROR(VALUE(MID(A7,FIND("*",A7,FIND("-",A7))+1,10)),0) -> 0 | H7: =IFERROR(VALUE(MID(A7,FIND("-",A7,FIND("-",A7)+1)+1,5)),D7) -> 0 | I7: =IFERROR(VALUE(RIGHT(A7,2)),E7) -> 0 | J7: =IF(E7=16,(D7/1000)*(C7/1000)*(16/1000)*7850*B7,0)+IF(I7=16,(H7/1000)*(C7/1000)*(16/1000)*7850*B7,0)+IF(G7=16,(F7/1000)*(C7/1000)*(16/1000)*7850*B7,0) -> 0 | K7: =IF(E7=20,(D7/1000)*(C7/1000)*(20/1000)*7850*B7,0)+IF(I7=20,(H7/1000)*(C7/1000)*(20/1000)*7850*B7,0)+IF(G7=20,(F7/1000)*(C7/1000)*(20/1000)*7850*B7,0) -> 0 | L7: =IF(E7=32,(D7/1000)*(C7/1000)*(32/1000)*7850*B7,0)+IF(I7=32,(H7/1000)*(C7/1000)*(32/1000)*7850*B7,0)+IF(G7=32,(F7/1000)*(C7/1000)*(32/1000)*7850*B7,0) -> 0 | M7: =IF(E7=40,(D7/1000)*(C7/1000)*(40/1000)*7850*B7,0)+IF(I7=40,(H7/1000)*(C7/1000)*(40/1000)*7850*B7,0)+IF(G7=40,(F7/1000)*(C7/1000)*(40/1000)*7850*B7,0) -> 0
A8: =MTO_RAW!A8 -> ISA75X75X8 | B8: =MTO_RAW!C8 -> 24 | C8: =MTO_RAW!D8 -> 684 | D8: =IFERROR(VALUE(LEFT(A8,FIND("*",A8)-1)),0) -> 0 | E8: =IFERROR(VALUE(MID(A8,FIND("*",A8)+1,FIND("-",A8)-FIND("*",A8)-1)),0) -> 0 | F8: =IFERROR(VALUE(MID(A8,FIND("-",A8)+1,FIND("*",A8,FIND("-",A8))-FIND("-",A8)-1)),0) -> 0 | G8: =IFERROR(VALUE(MID(A8,FIND("*",A8,FIND("-",A8))+1,10)),0) -> 0 | H8: =IFERROR(VALUE(MID(A8,FIND("-",A8,FIND("-",A8)+1)+1,5)),D8) -> 0 | I8: =IFERROR(VALUE(RIGHT(A8,2)),E8) -> 0 | J8: =IF(E8=16,(D8/1000)*(C8/1000)*(16/1000)*7850*B8,0)+IF(I8=16,(H8/1000)*(C8/1000)*(16/1000)*7850*B8,0)+IF(G8=16,(F8/1000)*(C8/1000)*(16/1000)*7850*B8,0) -> 0 | K8: =IF(E8=20,(D8/1000)*(C8/1000)*(20/1000)*7850*B8,0)+IF(I8=20,(H8/1000)*(C8/1000)*(20/1000)*7850*B8,0)+IF(G8=20,(F8/1000)*(C8/1000)*(20/1000)*7850*B8,0) -> 0 | L8: =IF(E8=32,(D8/1000)*(C8/1000)*(32/1000)*7850*B8,0)+IF(I8=32,(H8/1000)*(C8/1000)*(32/1000)*7850*B8,0)+IF(G8=32,(F8/1000)*(C8/1000)*(32/1000)*7850*B8,0) -> 0 | M8: =IF(E8=40,(D8/1000)*(C8/1000)*(40/1000)*7850*B8,0)+IF(I8=40,(H8/1000)*(C8/1000)*(40/1000)*7850*B8,0)+IF(G8=40,(F8/1000)*(C8/1000)*(40/1000)*7850*B8,0) -> 0
A9: =MTO_RAW!A9 -> ISA90X90X8 | B9: =MTO_RAW!C9 -> 4 | C9: =MTO_RAW!D9 -> 1020 | D9: =IFERROR(VALUE(LEFT(A9,FIND("*",A9)-1)),0) -> 0 | E9: =IFERROR(VALUE(MID(A9,FIND("*",A9)+1,FIND("-",A9)-FIND("*",A9)-1)),0) -> 0 | F9: =IFERROR(VALUE(MID(A9,FIND("-",A9)+1,FIND("*",A9,FIND("-",A9))-FIND("-",A9)-1)),0) -> 0 | G9: =IFERROR(VALUE(MID(A9,FIND("*",A9,FIND("-",A9))+1,10)),0) -> 0 | H9: =IFERROR(VALUE(MID(A9,FIND("-",A9,FIND("-",A9)+1)+1,5)),D9) -> 0 | I9: =IFERROR(VALUE(RIGHT(A9,2)),E9) -> 0 | J9: =IF(E9=16,(D9/1000)*(C9/1000)*(16/1000)*7850*B9,0)+IF(I9=16,(H9/1000)*(C9/1000)*(16/1000)*7850*B9,0)+IF(G9=16,(F9/1000)*(C9/1000)*(16/1000)*7850*B9,0) -> 0 | K9: =IF(E9=20,(D9/1000)*(C9/1000)*(20/1000)*7850*B9,0)+IF(I9=20,(H9/1000)*(C9/1000)*(20/1000)*7850*B9,0)+IF(G9=20,(F9/1000)*(C9/1000)*(20/1000)*7850*B9,0) -> 0 | L9: =IF(E9=32,(D9/1000)*(C9/1000)*(32/1000)*7850*B9,0)+IF(I9=32,(H9/1000)*(C9/1000)*(32/1000)*7850*B9,0)+IF(G9=32,(F9/1000)*(C9/1000)*(32/1000)*7850*B9,0) -> 0 | M9: =IF(E9=40,(D9/1000)*(C9/1000)*(40/1000)*7850*B9,0)+IF(I9=40,(H9/1000)*(C9/1000)*(40/1000)*7850*B9,0)+IF(G9=40,(F9/1000)*(C9/1000)*(40/1000)*7850*B9,0) -> 0
A10: =MTO_RAW!A10 -> ISA90X90X8 | B10: =MTO_RAW!C10 -> 6 | C10: =MTO_RAW!D10 -> 1030 | D10: =IFERROR(VALUE(LEFT(A10,FIND("*",A10)-1)),0) -> 0 | E10: =IFERROR(VALUE(MID(A10,FIND("*",A10)+1,FIND("-",A10)-FIND("*",A10)-1)),0) -> 0 | F10: =IFERROR(VALUE(MID(A10,FIND("-",A10)+1,FIND("*",A10,FIND("-",A10))-FIND("-",A10)-1)),0) -> 0 | G10: =IFERROR(VALUE(MID(A10,FIND("*",A10,FIND("-",A10))+1,10)),0) -> 0 | H10: =IFERROR(VALUE(MID(A10,FIND("-",A10,FIND("-",A10)+1)+1,5)),D10) -> 0 | I10: =IFERROR(VALUE(RIGHT(A10,2)),E10) -> 0 | J10: =IF(E10=16,(D10/1000)*(C10/1000)*(16/1000)*7850*B10,0)+IF(I10=16,(H10/1000)*(C10/1000)*(16/1000)*7850*B10,0)+IF(G10=16,(F10/1000)*(C10/1000)*(16/1000)*7850*B10,0) -> 0 | K10: =IF(E10=20,(D10/1000)*(C10/1000)*(20/1000)*7850*B10,0)+IF(I10=20,(H10/1000)*(C10/1000)*(20/1000)*7850*B10,0)+IF(G10=20,(F10/1000)*(C10/1000)*(20/1000)*7850*B10,0) -> 0 | L10: =IF(E10=32,(D10/1000)*(C10/1000)*(32/1000)*7850*B10,0)+IF(I10=32,(H10/1000)*(C10/1000)*(32/1000)*7850*B10,0)+IF(G10=32,(F10/1000)*(C10/1000)*(32/1000)*7850*B10,0) -> 0 | M10: =IF(E10=40,(D10/1000)*(C10/1000)*(40/1000)*7850*B10,0)+IF(I10=40,(H10/1000)*(C10/1000)*(40/1000)*7850*B10,0)+IF(G10=40,(F10/1000)*(C10/1000)*(40/1000)*7850*B10,0) -> 0
A11: =MTO_RAW!A11 -> ISA90X90X8 | B11: =MTO_RAW!C11 -> 2 | C11: =MTO_RAW!D11 -> 1035 | D11: =IFERROR(VALUE(LEFT(A11,FIND("*",A11)-1)),0) -> 0 | E11: =IFERROR(VALUE(MID(A11,FIND("*",A11)+1,FIND("-",A11)-FIND("*",A11)-1)),0) -> 0 | F11: =IFERROR(VALUE(MID(A11,FIND("-",A11)+1,FIND("*",A11,FIND("-",A11))-FIND("-",A11)-1)),0) -> 0 | G11: =IFERROR(VALUE(MID(A11,FIND("*",A11,FIND("-",A11))+1,10)),0) -> 0 | H11: =IFERROR(VALUE(MID(A11,FIND("-",A11,FIND("-",A11)+1)+1,5)),D11) -> 0 | I11: =IFERROR(VALUE(RIGHT(A11,2)),E11) -> 0 | J11: =IF(E11=16,(D11/1000)*(C11/1000)*(16/1000)*7850*B11,0)+IF(I11=16,(H11/1000)*(C11/1000)*(16/1000)*7850*B11,0)+IF(G11=16,(F11/1000)*(C11/1000)*(16/1000)*7850*B11,0) -> 0 | K11: =IF(E11=20,(D11/1000)*(C11/1000)*(20/1000)*7850*B11,0)+IF(I11=20,(H11/1000)*(C11/1000)*(20/1000)*7850*B11,0)+IF(G11=20,(F11/1000)*(C11/1000)*(20/1000)*7850*B11,0) -> 0 | L11: =IF(E11=32,(D11/1000)*(C11/1000)*(32/1000)*7850*B11,0)+IF(I11=32,(H11/1000)*(C11/1000)*(32/1000)*7850*B11,0)+IF(G11=32,(F11/1000)*(C11/1000)*(32/1000)*7850*B11,0) -> 0 | M11: =IF(E11=40,(D11/1000)*(C11/1000)*(40/1000)*7850*B11,0)+IF(I11=40,(H11/1000)*(C11/1000)*(40/1000)*7850*B11,0)+IF(G11=40,(F11/1000)*(C11/1000)*(40/1000)*7850*B11,0) -> 0
A12: =MTO_RAW!A12 -> ISA90X90X8 | B12: =MTO_RAW!C12 -> 6 | C12: =MTO_RAW!D12 -> 1046 | D12: =IFERROR(VALUE(LEFT(A12,FIND("*",A12)-1)),0) -> 0 | E12: =IFERROR(VALUE(MID(A12,FIND("*",A12)+1,FIND("-",A12)-FIND("*",A12)-1)),0) -> 0 | F12: =IFERROR(VALUE(MID(A12,FIND("-",A12)+1,FIND("*",A12,FIND("-",A12))-FIND("-",A12)-1)),0) -> 0 | G12: =IFERROR(VALUE(MID(A12,FIND("*",A12,FIND("-",A12))+1,10)),0) -> 0 | H12: =IFERROR(VALUE(MID(A12,FIND("-",A12,FIND("-",A12)+1)+1,5)),D12) -> 0 | I12: =IFERROR(VALUE(RIGHT(A12,2)),E12) -> 0 | J12: =IF(E12=16,(D12/1000)*(C12/1000)*(16/1000)*7850*B12,0)+IF(I12=16,(H12/1000)*(C12/1000)*(16/1000)*7850*B12,0)+IF(G12=16,(F12/1000)*(C12/1000)*(16/1000)*7850*B12,0) -> 0 | K12: =IF(E12=20,(D12/1000)*(C12/1000)*(20/1000)*7850*B12,0)+IF(I12=20,(H12/1000)*(C12/1000)*(20/1000)*7850*B12,0)+IF(G12=20,(F12/1000)*(C12/1000)*(20/1000)*7850*B12,0) -> 0 | L12: =IF(E12=32,(D12/1000)*(C12/1000)*(32/1000)*7850*B12,0)+IF(I12=32,(H12/1000)*(C12/1000)*(32/1000)*7850*B12,0)+IF(G12=32,(F12/1000)*(C12/1000)*(32/1000)*7850*B12,0) -> 0 | M12: =IF(E12=40,(D12/1000)*(C12/1000)*(40/1000)*7850*B12,0)+IF(I12=40,(H12/1000)*(C12/1000)*(40/1000)*7850*B12,0)+IF(G12=40,(F12/1000)*(C12/1000)*(40/1000)*7850*B12,0) -> 0
A13: =MTO_RAW!A13 -> ISA90X90X8 | B13: =MTO_RAW!C13 -> 32 | C13: =MTO_RAW!D13 -> 1100 | D13: =IFERROR(VALUE(LEFT(A13,FIND("*",A13)-1)),0) -> 0 | E13: =IFERROR(VALUE(MID(A13,FIND("*",A13)+1,FIND("-",A13)-FIND("*",A13)-1)),0) -> 0 | F13: =IFERROR(VALUE(MID(A13,FIND("-",A13)+1,FIND("*",A13,FIND("-",A13))-FIND("-",A13)-1)),0) -> 0 | G13: =IFERROR(VALUE(MID(A13,FIND("*",A13,FIND("-",A13))+1,10)),0) -> 0 | H13: =IFERROR(VALUE(MID(A13,FIND("-",A13,FIND("-",A13)+1)+1,5)),D13) -> 0 | I13: =IFERROR(VALUE(RIGHT(A13,2)),E13) -> 0 | J13: =IF(E13=16,(D13/1000)*(C13/1000)*(16/1000)*7850*B13,0)+IF(I13=16,(H13/1000)*(C13/1000)*(16/1000)*7850*B13,0)+IF(G13=16,(F13/1000)*(C13/1000)*(16/1000)*7850*B13,0) -> 0 | K13: =IF(E13=20,(D13/1000)*(C13/1000)*(20/1000)*7850*B13,0)+IF(I13=20,(H13/1000)*(C13/1000)*(20/1000)*7850*B13,0)+IF(G13=20,(F13/1000)*(C13/1000)*(20/1000)*7850*B13,0) -> 0 | L13: =IF(E13=32,(D13/1000)*(C13/1000)*(32/1000)*7850*B13,0)+IF(I13=32,(H13/1000)*(C13/1000)*(32/1000)*7850*B13,0)+IF(G13=32,(F13/1000)*(C13/1000)*(32/1000)*7850*B13,0) -> 0 | M13: =IF(E13=40,(D13/1000)*(C13/1000)*(40/1000)*7850*B13,0)+IF(I13=40,(H13/1000)*(C13/1000)*(40/1000)*7850*B13,0)+IF(G13=40,(F13/1000)*(C13/1000)*(40/1000)*7850*B13,0) -> 0
... A299: =MTO_RAW!A299 -> 0 | B299: =MTO_RAW!C299 -> 0 | C299: =MTO_RAW!D299 -> 0 | D299: =IFERROR(VALUE(LEFT(A299,FIND("*",A299)-1)),0) -> 0 | E299: =IFERROR(VALUE(MID(A299,FIND("*",A299)+1,FIND("-",A299)-FIND("*",A299)-1)),0) -> 0 | F299: =IFERROR(VALUE(MID(A299,FIND("-",A299)+1,FIND("*",A299,FIND("-",A299))-FIND("-",A299)-1)),0) -> 0 | G299: =IFERROR(VALUE(MID(A299,FIND("*",A299,FIND("-",A299))+1,10)),0) -> 0 | H299: =IFERROR(VALUE(MID(A299,FIND("-",A299,FIND("-",A299)+1)+1,5)),D299) -> 0 | I299: =IFERROR(VALUE(RIGHT(A299,2)),E299) -> 0 | J299: =IF(E299=16,(D299/1000)*(C299/1000)*(16/1000)*7850*B299,0)+IF(I299=16,(H299/1000)*(C299/1000)*(16/1000)*7850*B299,0)+IF(G299=16,(F299/1000)*(C299/1000)*(16/1000)*7850*B299,0) -> 0 | K299: =IF(E299=20,(D299/1000)*(C299/1000)*(20/1000)*7850*B299,0)+IF(I299=20,(H299/1000)*(C299/1000)*(20/1000)*7850*B299,0)+IF(G299=20,(F299/1000)*(C299/1000)*(20/1000)*7850*B299,0) -> 0 | L299: =IF(E299=32,(D299/1000)*(C299/1000)*(32/1000)*7850*B299,0)+IF(I299=32,(H299/1000)*(C299/1000)*(32/1000)*7850*B299,0)+IF(G299=32,(F299/1000)*(C299/1000)*(32/1000)*7850*B299,0) -> 0 | M299: =IF(E299=40,(D299/1000)*(C299/1000)*(40/1000)*7850*B299,0)+IF(I299=40,(H299/1000)*(C299/1000)*(40/1000)*7850*B299,0)+IF(G299=40,(F299/1000)*(C299/1000)*(40/1000)*7850*B299,0) -> 0
I305: Totals (kg) | J305: =SUM(J2:J300) -> 6809.6929 | K305: =SUM(K2:K300) -> 28293.711 | L305: =SUM(L2:L300) -> 66075.482 | M305: =SUM(M2:M300) -> 0

Sheet PLATE_INDENT
A1: Thickness | B1: Net MT | C1: With 10% Wastage | D1: Plate Qty
A2: 16 mm | B2: =PG_CALC!J305/1000 -> 6.8096929 | C2: =B2*1.1 -> 7.4906622 | D2: =C2/2.51 -> 2.9843276
A3: 20 mm | B3: =PG_CALC!K305/1000 -> 28.293711 | C3: =B3*1.1 -> 31.123082 | D3: =C3/3.14 -> 9.9118096
A4: 32 mm | B4: =PG_CALC!L305/1000 -> 66.075482 | C4: =B4*1.1 -> 72.68303 | D4: =C4/6.03 -> 12.053571
A5: 40 mm | B5: =PG_CALC!M305/1000 -> 0 | C5: =B5*1.1 -> 0 | D5: =C5/7.54 -> 0

Sheet HR_SUMMARY
A1: Description | B1: Total Weight (kg)
A2: HR Sections | B2: =SUMIF(MTO_RAW!A:A,"*IS*",MTO_RAW!E:E) -> 5082.2
